{"extensionType":"field_faas","i18nMap":{},"fields":[{"fieldType":17,"uiSchema":{"fieldsConfigEditor":{"component":"OpenFieldMetaEditor","props":{"schema":{"items":[{"key":"url","label":"请选择需转附件的URL字段","component":"FieldSelect","props":{"supportType":[1],"placeholder":"请选择，最多支持5个URL地址"},"validator":{"required":true},"tooltips":[{"type":"text","content":"最多支持5个URL"}]}]}}}},"presetFieldConfig":{"fieldProperty":{"propertyType":17,"properties":[]},"externalEditorConfig":{}},"disableAutoUpdate":false}]}